{
  "pos_weight": 50,
  "checkpoint": "/teamspace/studios/this_studio/MLDM2-MelanomaClassification/checkpoints/hparam_pos_weight_50/pos50-best-epoch=06-val_auc=0.9044.ckpt",
  "default_threshold": {
    "auc_roc": 0.9126359085922011,
    "f1_score": 0.23255813953488372,
    "avg_precision": 0.22921665440447275,
    "threshold": 0.5,
    "n_test_samples": 4969,
    "n_positive": 87,
    "n_negative": 4882,
    "positive_rate_pct": 1.7508553266525269,
    "true_negatives": 4551,
    "false_positives": 331,
    "false_negatives": 32,
    "true_positives": 55,
    "sensitivity": 0.632183908045977,
    "specificity": 0.9321999180663663
  },
  "sensitivity_threshold": {
    "auc_roc": 0.9126359085922011,
    "f1_score": 0.23255813953488372,
    "avg_precision": 0.22921665440447275,
    "threshold": 0.5,
    "n_test_samples": 4969,
    "n_positive": 87,
    "n_negative": 4882,
    "positive_rate_pct": 1.7508553266525269,
    "true_negatives": 4551,
    "false_positives": 331,
    "false_negatives": 32,
    "true_positives": 55,
    "sensitivity": 0.632183908045977,
    "specificity": 0.9321999180663663
  },
  "sens_threshold_value": 0.5
}