{
  "model_type": "baseline",
  "checkpoint": "checkpoints/baseline/baseline-best-epoch=06-val_auc=0.8921.ckpt",
  "default_threshold": {
    "auc_roc": 0.9090089326496114,
    "f1_score": 0.23736263736263735,
    "avg_precision": 0.20834969498750813,
    "threshold": 0.5,
    "n_test_samples": 4969,
    "n_positive": 87,
    "n_negative": 4882,
    "positive_rate_pct": 1.7508553266525269,
    "true_negatives": 4568,
    "false_positives": 314,
    "false_negatives": 33,
    "true_positives": 54,
    "sensitivity": 0.6206896551724138,
    "specificity": 0.9356820975010242
  },
  "f1_optimal_threshold": {
    "auc_roc": 0.9090089326496114,
    "f1_score": 0.26765799256505574,
    "avg_precision": 0.20834969498750813,
    "threshold": 0.9400000000000002,
    "n_test_samples": 4969,
    "n_positive": 87,
    "n_negative": 4882,
    "positive_rate_pct": 1.7508553266525269,
    "true_negatives": 4736,
    "false_positives": 146,
    "false_negatives": 51,
    "true_positives": 36,
    "sensitivity": 0.41379310344827586,
    "specificity": 0.9700942236788201
  },
  "sensitivity_threshold": {
    "auc_roc": 0.9090089326496114,
    "f1_score": 0.23736263736263735,
    "avg_precision": 0.20834969498750813,
    "threshold": 0.5,
    "n_test_samples": 4969,
    "n_positive": 87,
    "n_negative": 4882,
    "positive_rate_pct": 1.7508553266525269,
    "true_negatives": 4568,
    "false_positives": 314,
    "false_negatives": 33,
    "true_positives": 54,
    "sensitivity": 0.6206896551724138,
    "specificity": 0.9356820975010242
  },
  "val_f1_at_f1_threshold": 0.275,
  "val_sensitivity_at_sens_threshold": 0.5227272727272727
}